{
  "mode": "full",
  "model": "ResNet56",
  "dataset": "CIFAR-100",
  "teacher_epochs": 300,
  "latest_epoch": 300,
  "best_top1": 68.68,
  "latest_top1": 68.57,
  "reference_teacher_top1": 70.43,
  "gap_to_reference": -1.75,
  "epoch_times": [
    194.29801654815674,
    187.94552087783813,
    187.90759563446045,
    187.87471985816956,
    187.9143602848053,
    187.9082715511322,
    187.83477783203125,
    187.79542994499207,
    187.82841277122498,
    187.78847813606262,
    187.87512826919556,
    187.82214999198914,
    187.85888671875,
    187.77737855911255,
    187.92645263671875,
    187.98284149169922,
    187.84600710868835,
    187.97570204734802,
    187.93846368789673,
    187.87440657615662,
    187.8002347946167,
    187.9433422088623,
    187.88339567184448,
    187.84374594688416,
    187.88535356521606,
    187.91368913650513,
    187.79415678977966,
    187.85991644859314,
    187.91083335876465,
    187.8251473903656,
    187.95344972610474,
    187.97037363052368,
    187.90264463424683,
    187.93130803108215,
    187.92855596542358,
    187.8676314353943,
    187.82644510269165,
    187.92646074295044,
    187.9299705028534,
    187.8475706577301,
    187.89116716384888,
    188.03195238113403,
    187.97424268722534,
    187.94093084335327,
    187.96264123916626,
    187.89784812927246,
    187.78754782676697,
    187.87383723258972,
    187.95960187911987,
    187.7611539363861,
    187.97021007537842,
    187.97493481636047,
    187.9476330280304,
    188.02016592025757,
    187.87355041503906,
    187.94870495796204,
    187.9306936264038,
    187.96344089508057,
    187.9251673221588,
    187.9636960029602,
    187.91103529930115,
    188.0000011920929,
    187.93339848518372,
    187.82712984085083,
    187.99247455596924,
    187.91694140434265,
    188.0021505355835,
    187.83407378196716,
    187.86317014694214,
    187.92702221870422,
    187.7859184741974,
    188.02498388290405,
    187.91367363929749,
    187.89688205718994,
    188.02812147140503,
    187.88361525535583,
    187.97573280334473,
    187.94227838516235,
    187.7057318687439,
    188.18181133270264,
    187.9985008239746,
    188.0513322353363,
    187.9355480670929,
    187.75182557106018,
    187.8940246105194,
    187.88353395462036,
    188.0631115436554,
    188.0961618423462,
    187.93976593017578,
    187.903404712677,
    187.86123490333557,
    187.92240262031555,
    187.93718314170837,
    187.9151051044464,
    187.90430307388306,
    187.9180884361267,
    188.25931477546692,
    187.79917311668396,
    187.83321356773376,
    187.54821062088013,
    187.8417739868164,
    187.93418145179749,
    187.98421907424927,
    187.92009472846985,
    187.8884425163269,
    187.93640422821045,
    188.0056324005127,
    187.89663934707642,
    187.86089611053467,
    187.98892855644226,
    187.8674714565277,
    187.88287162780762,
    188.04658794403076,
    187.92472553253174,
    187.93816947937012,
    187.99939393997192,
    188.00179886817932,
    188.03557324409485,
    187.96984958648682,
    188.02764129638672,
    188.0443994998932,
    187.99573922157288,
    187.87994956970215,
    188.14897847175598,
    187.93998265266418,
    187.9167296886444,
    188.16311860084534,
    188.07814621925354,
    188.05545020103455,
    187.93791794776917,
    187.90815997123718,
    187.88931488990784,
    187.9919409751892,
    187.8505163192749,
    188.003484249115,
    187.9494616985321,
    188.0807225704193,
    187.98655533790588,
    187.95690727233887,
    187.8551173210144,
    187.87812781333923,
    187.9352731704712,
    187.93580746650696,
    187.89805126190186,
    187.86545181274414,
    187.8816056251526,
    187.9288694858551,
    187.86294794082642,
    187.94074130058289,
    188.20485067367554,
    187.86339926719666,
    188.00391459465027,
    187.96677565574646,
    188.03338265419006,
    187.95149207115173,
    188.00128078460693,
    188.11945343017578,
    187.97842645645142,
    188.05331468582153,
    188.0152759552002,
    188.0473074913025,
    188.05073142051697,
    188.00647640228271,
    187.99440956115723,
    187.9354054927826,
    187.9438087940216,
    187.89974641799927,
    187.81265783309937,
    187.874773979187,
    187.98690342903137,
    187.8546657562256,
    187.79069066047668,
    187.84786796569824,
    187.84150910377502,
    187.9727954864502,
    187.88126587867737,
    187.93317079544067,
    187.8955578804016,
    187.941397190094,
    187.96896386146545,
    187.96906661987305,
    187.9020504951477,
    188.05474472045898,
    187.9424216747284,
    187.98944449424744,
    187.8798041343689,
    187.88626790046692,
    187.98217344284058,
    187.80698108673096,
    187.96782398223877,
    187.85701537132263,
    187.93010020256042,
    187.9274036884308,
    187.8309724330902,
    187.93068385124207,
    187.82734060287476,
    187.80967593193054,
    187.83447885513306,
    187.91491746902466,
    187.82773733139038,
    187.96442341804504,
    187.89462614059448,
    188.03404545783997,
    187.9506630897522,
    187.79746508598328,
    187.96794176101685,
    187.9098355770111,
    187.9619438648224,
    187.77536916732788,
    188.00816559791565,
    188.0470154285431,
    188.05730390548706,
    187.9191815853119,
    187.86819100379944,
    187.89194774627686,
    187.92542243003845,
    187.9539394378662,
    187.97003865242004,
    187.98836946487427,
    187.96682500839233,
    188.0618097782135,
    187.93297958374023,
    187.831387758255,
    187.8830578327179,
    187.94253659248352,
    187.82972478866577,
    187.8927128314972,
    187.9703311920166,
    188.01351928710938,
    187.94041180610657,
    187.98741245269775,
    187.88812899589539,
    187.9953978061676,
    187.93307304382324,
    187.83358669281006,
    187.89117550849915,
    188.00818610191345,
    187.93111443519592,
    187.9674835205078,
    188.00668954849243,
    188.11270880699158,
    188.00432682037354,
    187.92599868774414,
    188.03267335891724,
    187.8893735408783,
    187.98566889762878,
    187.8711802959442,
    187.97933840751648,
    187.95577239990234,
    187.96177697181702,
    187.88946270942688,
    187.8793613910675,
    187.97013759613037,
    187.91081762313843,
    187.92907905578613,
    188.07511806488037,
    187.96149969100952,
    187.90479636192322,
    188.06084275245667,
    187.97876405715942,
    187.999361038208,
    187.91732549667358,
    188.0660514831543,
    188.0749785900116,
    187.9501931667328,
    187.9897494316101,
    187.99879479408264,
    188.04667735099792,
    187.992121219635,
    187.9914939403534,
    188.06008458137512,
    188.13708424568176,
    188.08344745635986,
    188.01385688781738,
    187.94381713867188,
    187.9973292350769,
    187.9839162826538,
    187.79559898376465,
    188.0983760356903,
    188.0626404285431,
    188.1213071346283,
    188.07024121284485,
    187.99208235740662,
    188.1091365814209,
    188.02844262123108,
    187.90644884109497,
    188.0054907798767,
    188.00361800193787,
    188.09259176254272,
    187.98018956184387,
    187.97485852241516,
    188.02934670448303,
    188.13925218582153,
    188.0605263710022,
    188.02368307113647,
    188.08053708076477,
    188.06410455703735,
    188.15529775619507,
    187.97011971473694,
    187.9207878112793
  ],
  "avg_epoch_seconds": 187.96511521021526,
  "estimated_300_seconds": 56389.534563064575,
  "estimated_300_human": "15h 39m 50s",
  "elapsed_seconds": 56396.29224419594,
  "elapsed_human": "15h 39m 56s",
  "best_checkpoint": "/app/output/teacher_resnet56_cifar100_300ep/teacher_resnet56_best.pt",
  "latest_checkpoint": "/app/output/teacher_resnet56_cifar100_300ep/teacher_resnet56_latest.pt",
  "args": {
    "data_dir": "data",
    "output_dir": "/app/output",
    "run_name": "teacher_resnet56_cifar100_300ep",
    "smoke": false,
    "teacher_epochs": 300,
    "batch_size": 128,
    "num_workers": 4,
    "image_size": 224,
    "seed": 42,